Workbook

Sheet Leyenda
A1: Control de avance de sprints - SmartPass Piura
A3: Hojas: 'Sprint 1' y 'Sprint 2' (burndown por tarea) y 'General' (avance acumulado del proyecto).
A4: Cómo usarlo: en cada hoja de sprint edita la 'Semana real de cierre' de cada tarea (columna D, en azul). Los gráficos se actualizan solos.
A5: Las horas estimadas son la planificación del equipo. Los valores reales precargados son DE EJEMPLO: reemplázalos antes de entregar.
A6: Burndown ideal = descenso lineal; planificado = según la semana prevista de cada tarea; real = según la semana en que realmente se cerró.
A7: Para el informe: copia cada gráfico (clic derecho > Copiar) y pégalo en Word como imagen.

Sheet Sprint 1
A1: Sprint 1: Módulo Portal del Pasajero (S5-S8)
A2: Celdas en azul = datos que debes editar. Las horas son estimaciones de planificación; la 'Semana real de cierre' son datos de EJEMPLO: reemplázalos con tu registro real (Trello / commits de GitHub).
A4: Tarea | B4: Horas estimadas | C4: Semana planificada | D4: Semana real de cierre
A5: BPM Registrar Usuario | B5: 3 | C5: 5 | D5: 5
A6: BPM Recargar Saldo | B6: 3 | C6: 5 | D6: 5
A7: BPM Generar Código QR | B7: 3 | C7: 6 | D7: 6
A8: Caso de Uso Registrar Usuario | B8: 2 | C8: 6 | D8: 6
A9: Caso de Uso Recargar Saldo | B9: 2 | C9: 6 | D9: 6
A10: Caso de Uso Generar Código QR | B10: 2 | C10: 7 | D10: 7
A11: Diagrama de Secuencia Registrar Usuario | B11: 3 | C11: 7 | D11: 7
A12: Diagrama de Secuencia Recargar Saldo | B12: 3 | C12: 7 | D12: 8
A13: Diagrama de Secuencia Generar Código QR | B13: 3 | C13: 7 | D13: 8
A14: Diccionario de datos (Usuario y Recarga) | B14: 3 | C14: 7 | D14: 7
A15: Prototipos (3 pantallas) | B15: 9 | C15: 8 | D15: 8
A16: Algoritmo Core (3 procesos) | B16: 22 | C16: 8 | D16: 8
A17: Pruebas funcionales PF0001-PF0003 | B17: 6 | C17: 8 | D17: 8
A18: Total del sprint (horas) | B18: =SUM(B5:B17) -> 64
A20: Burndown del sprint (horas pendientes al cierre de cada semana)
A21: Semana | B21: Pendiente ideal | C21: Pendiente planificado | D21: Pendiente real
A22: Inicio | B22: =$B$18 -> 64 | C22: =$B$18 -> 64 | D22: =$B$18 -> 64
A23: S5 | B23: =$B$18*(1-1/4) -> 48 | C23: =$B$18-SUMIF($C$5:$C$17,"<="&5,$B$5:$B$17) -> 58 | D23: =$B$18-SUMIF($D$5:$D$17,"<="&5,$B$5:$B$17) -> 58
A24: S6 | B24: =$B$18*(1-2/4) -> 32 | C24: =$B$18-SUMIF($C$5:$C$17,"<="&6,$B$5:$B$17) -> 51 | D24: =$B$18-SUMIF($D$5:$D$17,"<="&6,$B$5:$B$17) -> 51
A25: S7 | B25: =$B$18*(1-3/4) -> 16 | C25: =$B$18-SUMIF($C$5:$C$17,"<="&7,$B$5:$B$17) -> 37 | D25: =$B$18-SUMIF($D$5:$D$17,"<="&7,$B$5:$B$17) -> 43
A26: S8 | B26: =$B$18*(1-4/4) -> 0 | C26: =$B$18-SUMIF($C$5:$C$17,"<="&8,$B$5:$B$17) -> 0 | D26: =$B$18-SUMIF($D$5:$D$17,"<="&8,$B$5:$B$17) -> 0

Sheet Sprint 2
A1: Sprint 2: Validación de Pago y Panel Administrativo (S9-S12)
A2: Celdas en azul = datos que debes editar. Las horas son estimaciones de planificación; la 'Semana real de cierre' son datos de EJEMPLO: reemplázalos con tu registro real (Trello / commits de GitHub).
A4: Tarea | B4: Horas estimadas | C4: Semana planificada | D4: Semana real de cierre
A5: BPM Validar Pago con QR | B5: 3 | C5: 9 | D5: 9
A6: BPM Registrar Transacción | B6: 3 | C6: 9 | D6: 9
A7: BPM Generar Reporte de Recaudación | B7: 3 | C7: 10 | D7: 10
A8: Caso de Uso Validar Pago con QR | B8: 2 | C8: 10 | D8: 10
A9: Caso de Uso Registrar Transacción | B9: 2 | C9: 10 | D9: 10
A10: Caso de Uso Generar Reporte | B10: 2 | C10: 10 | D10: 11
A11: Diagrama de Secuencia Validar Pago | B11: 3 | C11: 11 | D11: 11
A12: Diagrama de Secuencia Registrar Transacción | B12: 3 | C12: 11 | D12: 11
A13: Diagrama de Secuencia Generar Reporte | B13: 3 | C13: 11 | D13: 11
A14: Diccionarios de datos (5 tablas) | B14: 4 | C14: 11 | D14: 11
A15: Prototipos (3 pantallas) | B15: 9 | C15: 12 | D15: 12
A16: Algoritmo Core (3 procesos) | B16: 34 | C16: 12 | D16: 12
A17: Pruebas funcionales PF0004-PF0006 | B17: 6 | C17: 12 | D17: 12
A18: Total del sprint (horas) | B18: =SUM(B5:B17) -> 77
A20: Burndown del sprint (horas pendientes al cierre de cada semana)
A21: Semana | B21: Pendiente ideal | C21: Pendiente planificado | D21: Pendiente real
A22: Inicio | B22: =$B$18 -> 77 | C22: =$B$18 -> 77 | D22: =$B$18 -> 77
A23: S9 | B23: =$B$18*(1-1/4) -> 57.75 | C23: =$B$18-SUMIF($C$5:$C$17,"<="&9,$B$5:$B$17) -> 71 | D23: =$B$18-SUMIF($D$5:$D$17,"<="&9,$B$5:$B$17) -> 71
A24: S10 | B24: =$B$18*(1-2/4) -> 38.5 | C24: =$B$18-SUMIF($C$5:$C$17,"<="&10,$B$5:$B$17) -> 62 | D24: =$B$18-SUMIF($D$5:$D$17,"<="&10,$B$5:$B$17) -> 64
A25: S11 | B25: =$B$18*(1-3/4) -> 19.25 | C25: =$B$18-SUMIF($C$5:$C$17,"<="&11,$B$5:$B$17) -> 49 | D25: =$B$18-SUMIF($D$5:$D$17,"<="&11,$B$5:$B$17) -> 49
A26: S12 | B26: =$B$18*(1-4/4) -> 0 | C26: =$B$18-SUMIF($C$5:$C$17,"<="&12,$B$5:$B$17) -> 0 | D26: =$B$18-SUMIF($D$5:$D$17,"<="&12,$B$5:$B$17) -> 0

Sheet General
A1: Avance general del proyecto (horas acumuladas, estimado vs realizado)
A2: Planificación/Diseño y Medición/Cierre se editan aquí; los Sprints se calculan desde sus hojas.
A4: Semana | B4: Plan: planificación y diseño | C4: Plan: Sprint 1 | D4: Plan: Sprint 2 | E4: Plan: medición y cierre | F4: Plan semanal | G4: Plan acumulado | H4: Real: planificación y diseño | I4: Real: Sprint 1 | J4: Real: Sprint 2 | K4: Real semanal | L4: Real acumulado | M4: % plan | N4: % real
A5: 1 | B5: 9 | C5: =SUMIF('Sprint 1'!$C$5:$C$17,A5,'Sprint 1'!$B$5:$B$17) -> 0 | D5: =SUMIF('Sprint 2'!$C$5:$C$17,A5,'Sprint 2'!$B$5:$B$17) -> 0 | E5: 0 | F5: =SUM(B5:E5) -> 9 | G5: =F5 -> 9 | H5: 8 | I5: =SUMIF('Sprint 1'!$D$5:$D$17,A5,'Sprint 1'!$B$5:$B$17) -> 0 | J5: =SUMIF('Sprint 2'!$D$5:$D$17,A5,'Sprint 2'!$B$5:$B$17) -> 0 | K5: =SUM(H5:J5) -> 8 | L5: =K5 -> 8 | M5: =G5/$G$22 -> 0.031578947 | N5: =L5/$G$22 -> 0.028070175
A6: 2 | B6: 9 | C6: =SUMIF('Sprint 1'!$C$5:$C$17,A6,'Sprint 1'!$B$5:$B$17) -> 0 | D6: =SUMIF('Sprint 2'!$C$5:$C$17,A6,'Sprint 2'!$B$5:$B$17) -> 0 | E6: 0 | F6: =SUM(B6:E6) -> 9 | G6: =G5+F6 -> 18 | H6: 10 | I6: =SUMIF('Sprint 1'!$D$5:$D$17,A6,'Sprint 1'!$B$5:$B$17) -> 0 | J6: =SUMIF('Sprint 2'!$D$5:$D$17,A6,'Sprint 2'!$B$5:$B$17) -> 0 | K6: =SUM(H6:J6) -> 10 | L6: =L5+K6 -> 18 | M6: =G6/$G$22 -> 0.063157895 | N6: =L6/$G$22 -> 0.063157895
A7: 3 | B7: 9 | C7: =SUMIF('Sprint 1'!$C$5:$C$17,A7,'Sprint 1'!$B$5:$B$17) -> 0 | D7: =SUMIF('Sprint 2'!$C$5:$C$17,A7,'Sprint 2'!$B$5:$B$17) -> 0 | E7: 0 | F7: =SUM(B7:E7) -> 9 | G7: =G6+F7 -> 27 | H7: 9 | I7: =SUMIF('Sprint 1'!$D$5:$D$17,A7,'Sprint 1'!$B$5:$B$17) -> 0 | J7: =SUMIF('Sprint 2'!$D$5:$D$17,A7,'Sprint 2'!$B$5:$B$17) -> 0 | K7: =SUM(H7:J7) -> 9 | L7: =L6+K7 -> 27 | M7: =G7/$G$22 -> 0.094736842 | N7: =L7/$G$22 -> 0.094736842
A8: 4 | B8: 9 | C8: =SUMIF('Sprint 1'!$C$5:$C$17,A8,'Sprint 1'!$B$5:$B$17) -> 0 | D8: =SUMIF('Sprint 2'!$C$5:$C$17,A8,'Sprint 2'!$B$5:$B$17) -> 0 | E8: 0 | F8: =SUM(B8:E8) -> 9 | G8: =G7+F8 -> 36 | H8: 9 | I8: =SUMIF('Sprint 1'!$D$5:$D$17,A8,'Sprint 1'!$B$5:$B$17) -> 0 | J8: =SUMIF('Sprint 2'!$D$5:$D$17,A8,'Sprint 2'!$B$5:$B$17) -> 0 | K8: =SUM(H8:J8) -> 9 | L8: =L7+K8 -> 36 | M8: =G8/$G$22 -> 0.12631579 | N8: =L8/$G$22 -> 0.12631579
A9: 5 | B9: 7 | C9: =SUMIF('Sprint 1'!$C$5:$C$17,A9,'Sprint 1'!$B$5:$B$17) -> 6 | D9: =SUMIF('Sprint 2'!$C$5:$C$17,A9,'Sprint 2'!$B$5:$B$17) -> 0 | E9: 0 | F9: =SUM(B9:E9) -> 13 | G9: =G8+F9 -> 49 | H9: 7 | I9: =SUMIF('Sprint 1'!$D$5:$D$17,A9,'Sprint 1'!$B$5:$B$17) -> 6 | J9: =SUMIF('Sprint 2'!$D$5:$D$17,A9,'Sprint 2'!$B$5:$B$17) -> 0 | K9: =SUM(H9:J9) -> 13 | L9: =L8+K9 -> 49 | M9: =G9/$G$22 -> 0.17192982 | N9: =L9/$G$22 -> 0.17192982
A10: 6 | B10: 7 | C10: =SUMIF('Sprint 1'!$C$5:$C$17,A10,'Sprint 1'!$B$5:$B$17) -> 7 | D10: =SUMIF('Sprint 2'!$C$5:$C$17,A10,'Sprint 2'!$B$5:$B$17) -> 0 | E10: 0 | F10: =SUM(B10:E10) -> 14 | G10: =G9+F10 -> 63 | H10: 7 | I10: =SUMIF('Sprint 1'!$D$5:$D$17,A10,'Sprint 1'!$B$5:$B$17) -> 7 | J10: =SUMIF('Sprint 2'!$D$5:$D$17,A10,'Sprint 2'!$B$5:$B$17) -> 0 | K10: =SUM(H10:J10) -> 14 | L10: =L9+K10 -> 63 | M10: =G10/$G$22 -> 0.22105263 | N10: =L10/$G$22 -> 0.22105263
A11: 7 | B11: 7 | C11: =SUMIF('Sprint 1'!$C$5:$C$17,A11,'Sprint 1'!$B$5:$B$17) -> 14 | D11: =SUMIF('Sprint 2'!$C$5:$C$17,A11,'Sprint 2'!$B$5:$B$17) -> 0 | E11: 0 | F11: =SUM(B11:E11) -> 21 | G11: =G10+F11 -> 84 | H11: 7 | I11: =SUMIF('Sprint 1'!$D$5:$D$17,A11,'Sprint 1'!$B$5:$B$17) -> 8 | J11: =SUMIF('Sprint 2'!$D$5:$D$17,A11,'Sprint 2'!$B$5:$B$17) -> 0 | K11: =SUM(H11:J11) -> 15 | L11: =L10+K11 -> 78 | M11: =G11/$G$22 -> 0.29473684 | N11: =L11/$G$22 -> 0.27368421
A12: 8 | B12: 7 | C12: =SUMIF('Sprint 1'!$C$5:$C$17,A12,'Sprint 1'!$B$5:$B$17) -> 37 | D12: =SUMIF('Sprint 2'!$C$5:$C$17,A12,'Sprint 2'!$B$5:$B$17) -> 0 | E12: 0 | F12: =SUM(B12:E12) -> 44 | G12: =G11+F12 -> 128 | H12: 7 | I12: =SUMIF('Sprint 1'!$D$5:$D$17,A12,'Sprint 1'!$B$5:$B$17) -> 43 | J12: =SUMIF('Sprint 2'!$D$5:$D$17,A12,'Sprint 2'!$B$5:$B$17) -> 0 | K12: =SUM(H12:J12) -> 50 | L12: =L11+K12 -> 128 | M12: =G12/$G$22 -> 0.44912281 | N12: =L12/$G$22 -> 0.44912281
A13: 9 | B13: 0 | C13: =SUMIF('Sprint 1'!$C$5:$C$17,A13,'Sprint 1'!$B$5:$B$17) -> 0 | D13: =SUMIF('Sprint 2'!$C$5:$C$17,A13,'Sprint 2'!$B$5:$B$17) -> 6 | E13: 0 | F13: =SUM(B13:E13) -> 6 | G13: =G12+F13 -> 134 | H13: 0 | I13: =SUMIF('Sprint 1'!$D$5:$D$17,A13,'Sprint 1'!$B$5:$B$17) -> 0 | J13: =SUMIF('Sprint 2'!$D$5:$D$17,A13,'Sprint 2'!$B$5:$B$17) -> 6 | K13: =SUM(H13:J13) -> 6 | L13: =L12+K13 -> 134 | M13: =G13/$G$22 -> 0.47017544 | N13: =L13/$G$22 -> 0.47017544
A14: 10 | B14: 0 | C14: =SUMIF('Sprint 1'!$C$5:$C$17,A14,'Sprint 1'!$B$5:$B$17) -> 0 | D14: =SUMIF('Sprint 2'!$C$5:$C$17,A14,'Sprint 2'!$B$5:$B$17) -> 9 | E14: 0 | F14: =SUM(B14:E14) -> 9 | G14: =G13+F14 -> 143 | H14: 0 | I14: =SUMIF('Sprint 1'!$D$5:$D$17,A14,'Sprint 1'!$B$5:$B$17) -> 0 | J14: =SUMIF('Sprint 2'!$D$5:$D$17,A14,'Sprint 2'!$B$5:$B$17) -> 7 | K14: =SUM(H14:J14) -> 7 | L14: =L13+K14 -> 141 | M14: =G14/$G$22 -> 0.50175439 | N14: =L14/$G$22 -> 0.49473684
A15: 11 | B15: 0 | C15: =SUMIF('Sprint 1'!$C$5:$C$17,A15,'Sprint 1'!$B$5:$B$17) -> 0 | D15: =SUMIF('Sprint 2'!$C$5:$C$17,A15,'Sprint 2'!$B$5:$B$17) -> 13 | E15: 0 | F15: =SUM(B15:E15) -> 13 | G15: =G14+F15 -> 156 | H15: 0 | I15: =SUMIF('Sprint 1'!$D$5:$D$17,A15,'Sprint 1'!$B$5:$B$17) -> 0 | J15: =SUMIF('Sprint 2'!$D$5:$D$17,A15,'Sprint 2'!$B$5:$B$17) -> 15 | K15: =SUM(H15:J15) -> 15 | L15: =L14+K15 -> 156 | M15: =G15/$G$22 -> 0.54736842 | N15: =L15/$G$22 -> 0.54736842
A16: 12 | B16: 0 | C16: =SUMIF('Sprint 1'!$C$5:$C$17,A16,'Sprint 1'!$B$5:$B$17) -> 0 | D16: =SUMIF('Sprint 2'!$C$5:$C$17,A16,'Sprint 2'!$B$5:$B$17) -> 49 | E16: 0 | F16: =SUM(B16:E16) -> 49 | G16: =G15+F16 -> 205 | H16: 0 | I16: =SUMIF('Sprint 1'!$D$5:$D$17,A16,'Sprint 1'!$B$5:$B$17) -> 0 | J16: =SUMIF('Sprint 2'!$D$5:$D$17,A16,'Sprint 2'!$B$5:$B$17) -> 49 | K16: =SUM(H16:J16) -> 49 | L16: =L15+K16 -> 205 | M16: =G16/$G$22 -> 0.71929825 | N16: =L16/$G$22 -> 0.71929825
A17: 13 | B17: 0 | C17: =SUMIF('Sprint 1'!$C$5:$C$17,A17,'Sprint 1'!$B$5:$B$17) -> 0 | D17: =SUMIF('Sprint 2'!$C$5:$C$17,A17,'Sprint 2'!$B$5:$B$17) -> 0 | E17: 10 | F17: =SUM(B17:E17) -> 10 | G17: =G16+F17 -> 215 | M17: =G17/$G$22 -> 0.75438596
A18: 14 | B18: 0 | C18: =SUMIF('Sprint 1'!$C$5:$C$17,A18,'Sprint 1'!$B$5:$B$17) -> 0 | D18: =SUMIF('Sprint 2'!$C$5:$C$17,A18,'Sprint 2'!$B$5:$B$17) -> 0 | E18: 10 | F18: =SUM(B18:E18) -> 10 | G18: =G17+F18 -> 225 | M18: =G18/$G$22 -> 0.78947368
A19: 15 | B19: 0 | C19: =SUMIF('Sprint 1'!$C$5:$C$17,A19,'Sprint 1'!$B$5:$B$17) -> 0 | D19: =SUMIF('Sprint 2'!$C$5:$C$17,A19,'Sprint 2'!$B$5:$B$17) -> 0 | E19: 12 | F19: =SUM(B19:E19) -> 12 | G19: =G18+F19 -> 237 | M19: =G19/$G$22 -> 0.83157895
A20: 16 | B20: 0 | C20: =SUMIF('Sprint 1'!$C$5:$C$17,A20,'Sprint 1'!$B$5:$B$17) -> 0 | D20: =SUMIF('Sprint 2'!$C$5:$C$17,A20,'Sprint 2'!$B$5:$B$17) -> 0 | E20: 12 | F20: =SUM(B20:E20) -> 12 | G20: =G19+F20 -> 249 | M20: =G20/$G$22 -> 0.87368421
A21: 17 | B21: 0 | C21: =SUMIF('Sprint 1'!$C$5:$C$17,A21,'Sprint 1'!$B$5:$B$17) -> 0 | D21: =SUMIF('Sprint 2'!$C$5:$C$17,A21,'Sprint 2'!$B$5:$B$17) -> 0 | E21: 24 | F21: =SUM(B21:E21) -> 24 | G21: =G20+F21 -> 273 | M21: =G21/$G$22 -> 0.95789474
A22: 18 | B22: 0 | C22: =SUMIF('Sprint 1'!$C$5:$C$17,A22,'Sprint 1'!$B$5:$B$17) -> 0 | D22: =SUMIF('Sprint 2'!$C$5:$C$17,A22,'Sprint 2'!$B$5:$B$17) -> 0 | E22: 12 | F22: =SUM(B22:E22) -> 12 | G22: =G21+F22 -> 285 | M22: =G22/$G$22 -> 1
A24: Avance real a la semana 12 | D24: =N16 -> 0.71929825
A25: Avance planificado a la semana 12 | D25: =M16 -> 0.71929825
